{"stat.killEntity.Bat":37,"stat.walkOneCm":5365,"stat.killEntity.EntityHorse":2,"achievement.openInventory":8,"stat.killEntity.Chicken":48,"stat.killEntity.Wolf":3,"stat.mobKills":451,"stat.flyOneCm":335675,"stat.jump":24,"stat.swimOneCm":116,"stat.playOneMinute":65521,"stat.useItem.1":1,"stat.killEntity.Sheep":3,"stat.killEntity.Squid":50,"stat.killEntity.Cow":176,"stat.killEntity.Pig":23,"achievement.exploreAllBiomes":{"value":0,"progress":["ForestHills","Roofed Forest","Birch Forest","Forest","River","Plains","Taiga","TaigaHills"]}}