{"stat.useItem.152":2,"stat.walkOneCm":656276,"stat.killEntity.EntityHorse":58,"stat.horseOneCm":15282,"stat.useItem.2257":3,"stat.leaveGame":1,"stat.useItem.69":1,"stat.jump":742,"stat.useItem.323":7,"stat.fallOneCm":14054,"achievement.exploreAllBiomes":{"value":0,"progress":["Plains"]},"stat.useItem.35":104,"stat.useItem.89":33,"stat.useItem.84":3,"achievement.openInventory":171,"stat.killEntity.Chicken":173,"stat.damageTaken":-2147483003,"stat.mineBlock.3":1,"stat.mobKills":722,"stat.useItem.53":2,"stat.useItem.383":3,"stat.flyOneCm":2440208,"stat.deaths":6,"stat.useItem.7":1,"stat.drop":40,"stat.playOneMinute":1907800,"stat.killEntity.Sheep":185,"stat.useItem.3":206,"stat.damageDealt":40,"stat.killEntity.Cow":135,"stat.killEntity.Pig":168}