{"stat.useItem.113":62,"stat.useItem.112":125,"stat.useItem.356":24,"stat.useItem.114":38,"stat.useItem.116":1,"stat.leaveGame":8,"stat.useItem.120":5,"stat.useItem.121":26,"stat.useItem.123":32,"stat.swimOneCm":12008,"stat.climbOneCm":7410,"stat.useItem.129":6,"achievement.exploreAllBiomes":{"value":0,"progress":["Savanna Plateau","Beach","DesertHills","Forest","River","Plains","Desert","Swampland","Swampland M","Savanna"]},"stat.useItem.331":189,"stat.flyOneCm":10460694,"stat.useItem.101":63,"stat.useItem.106":12,"stat.killEntity.Witch":1,"stat.craftItem.20":800,"stat.killEntity.Creeper":3,"stat.useItem.324":1,"stat.useItem.323":23,"stat.entityKilledBy.Skeleton":1,"achievement.mineWood":6,"stat.useItem.87":17,"stat.useItem.88":32,"stat.useItem.89":12,"achievement.openInventory":1705,"stat.useItem.81":3,"stat.useItem.97":9,"stat.useItem.98":73,"stat.deaths":14,"stat.drop":449,"stat.playOneMinute":11375842,"stat.killEntity.Zombie":5,"stat.diveOneCm":29450,"stat.useItem.65":3,"stat.useItem.61":19,"stat.killEntity.Slime":1,"stat.useItem.69":25,"stat.useItem.76":36,"stat.useItem.77":2,"stat.useItem.401":272,"stat.jump":8652,"stat.fallOneCm":4965,"stat.useItem.404":8,"stat.useItem.70":1,"stat.useItem.42":73,"stat.useItem.174":25,"stat.useItem.44":3,"stat.useItem.45":8,"stat.useItem.41":7,"stat.damageTaken":22038,"stat.useItem.46":38,"stat.useItem.47":3,"stat.useItem.49":70,"stat.useItem.53":7,"stat.useItem.54":14,"stat.useItem.56":1,"stat.useItem.51":7,"stat.damageDealt":3955,"stat.killEntity.Cow":2,"stat.killEntity.Pig":1,"stat.useItem.57":65,"stat.useItem.58":1,"stat.useItem.153":8,"stat.useItem.20":109,"stat.useItem.152":20,"stat.craftItem.263":263,"stat.useItem.155":176,"stat.useItem.22":48,"stat.useItem.276":3,"stat.useItem.23":1,"stat.craftItem.264":12424,"stat.useItem.154":8,"stat.useItem.278":11,"stat.walkOneCm":4653614,"stat.craftItem.265":23427,"stat.craftItem.266":14,"stat.useItem.159":56,"stat.useItem.29":9,"stat.useItem.30":55,"stat.useItem.35":66,"stat.useItem.171":35,"stat.killEntity.Skeleton":3,"stat.useItem.259":8,"stat.useItem.138":41,"stat.killEntity.Chicken":1,"stat.killEntity.Spider":2,"stat.mobKills":21,"stat.useItem.383":83,"stat.useItem.143":1,"stat.useItem.7":31,"stat.useItem.12":305,"stat.useItem.1":250,"stat.useItem.3":975,"stat.useItem.17":30,"stat.useItem.14":100,"stat.useItem.151":2,"stat.useItem.15":15}