{"stat.drop":63,"stat.fallOneCm":211,"stat.flyOneCm":59007,"stat.craftItem.264":7068,"achievement.openInventory":21,"stat.useItem.98":15,"stat.useItem.356":1,"stat.jump":111,"stat.useItem.175":1,"achievement.exploreAllBiomes":{"value":0,"progress":["Plains","Savanna"]},"stat.killEntity.Pig":1,"stat.mobKills":1,"stat.useItem.69":1,"stat.useItem.3":2,"stat.useItem.58":1,"stat.walkOneCm":36790,"stat.useItem.61":6,"stat.useItem.383":8,"stat.damageDealt":340,"stat.playOneMinute":21352,"stat.useItem.20":8}