{"stat.drop":11,"stat.useItem.85":49,"stat.flyOneCm":110483,"stat.useItem.29":1,"achievement.openInventory":8,"stat.useItem.89":6,"stat.useItem.98":99,"stat.jump":130,"stat.useItem.331":1,"achievement.exploreAllBiomes":{"value":0,"progress":["Plains","Savanna","Swampland","River"]},"stat.damageTaken":2147483647,"stat.useItem.3":12,"stat.swimOneCm":108,"stat.walkOneCm":82650,"stat.deaths":1,"stat.climbOneCm":152,"stat.useItem.383":11,"stat.playOneMinute":44791,"stat.damageDealt":145,"stat.useItem.20":26}