{"stat.useItem.98":38,"stat.flyOneCm":38053,"stat.useItem.89":2,"stat.walkOneCm":6526,"stat.useItem.101":15,"stat.drop":1,"stat.jump":12,"stat.swimOneCm":526,"stat.useItem.95":21,"stat.useItem.41":3,"stat.playOneMinute":29444,"stat.useItem.106":7,"achievement.openInventory":1,"stat.useItem.138":2,"stat.useItem.3":48,"stat.killEntity.Squid":12,"stat.mobKills":12,"achievement.exploreAllBiomes":{"value":0,"progress":["DesertHills","River","Desert","Savanna"]},"stat.useItem.57":1,"stat.diveOneCm":2346,"stat.useItem.49":2}