{"stat.useItem.17":4,"stat.useItem.7":6,"stat.useItem.38":3,"stat.useItem.37":1,"stat.useItem.323":33,"stat.useItem.14":3,"achievement.openInventory":61,"stat.useItem.146":1,"stat.jump":57,"achievement.exploreAllBiomes":{"value":0,"progress":["Savanna"]},"stat.useItem.1":2,"stat.useItem.3":59,"stat.useItem.58":1,"stat.useItem.54":4,"stat.useItem.106":2,"stat.craftItem.351":4608,"stat.useItem.389":13,"stat.craftItem.356":1,"stat.useItem.95":5,"stat.drop":12,"stat.flyOneCm":104593,"stat.craftItem.264":3,"stat.useItem.98":16,"stat.useItem.49":2,"stat.walkOneCm":62299,"stat.useItem.61":1,"stat.useItem.161":3,"stat.useItem.162":1,"stat.playOneMinute":45474,"stat.useItem.22":28}