{"stat.useItem.152":2,"stat.walkOneCm":539599,"stat.killEntity.EntityHorse":57,"stat.horseOneCm":15282,"stat.useItem.2257":3,"stat.useItem.69":1,"stat.jump":731,"stat.useItem.323":7,"stat.fallOneCm":10939,"achievement.exploreAllBiomes":{"value":0,"progress":["Plains"]},"stat.useItem.84":3,"achievement.openInventory":140,"stat.killEntity.Chicken":170,"stat.damageTaken":518,"stat.mineBlock.3":1,"stat.mobKills":718,"stat.useItem.383":3,"stat.flyOneCm":1630875,"stat.deaths":3,"stat.useItem.7":1,"stat.drop":34,"stat.playOneMinute":1193115,"stat.killEntity.Sheep":185,"stat.useItem.3":171,"stat.damageDealt":40,"stat.killEntity.Cow":135,"stat.killEntity.Pig":168}