{"stat.useItem.30":12,"stat.useItem.89":4,"achievement.openInventory":279,"stat.damageDealt":1400,"stat.useItem.3":220,"stat.useItem.65":2,"achievement.exploreAllBiomes":{"value":0,"progress":["Desert","Plains","Savanna","River","Savanna Plateau","Swampland"]},"stat.useItem.49":12,"stat.useItem.31":9,"stat.fallOneCm":2453,"stat.flyOneCm":887214,"stat.useItem.160":47,"stat.useItem.69":2,"stat.useItem.95":12,"stat.pigOneCm":3538,"stat.climbOneCm":1535,"stat.drop":96,"stat.damageTaken":118,"stat.killEntity.Enderman":1,"stat.leaveGame":3,"stat.useItem.29":1,"stat.killEntity.Creeper":1,"stat.diveOneCm":1439,"stat.useItem.383":1,"stat.useItem.54":5,"stat.playOneMinute":2192303,"stat.useItem.106":1,"stat.useItem.114":4,"stat.killEntity.Spider":1,"stat.mineBlock.12":4,"stat.deaths":2,"stat.jump":913,"stat.useItem.1":14,"stat.swimOneCm":13,"stat.mobKills":5,"stat.useItem.12":32,"stat.useItem.98":5,"stat.walkOneCm":641118,"stat.killEntity.Zombie":2,"stat.useItem.44":3,"stat.useItem.7":68}