{"stat.useItem.323":4,"stat.fallOneCm":2342,"stat.useItem.146":1,"achievement.openInventory":50,"stat.useItem.145":2,"stat.useItem.89":8,"stat.jump":226,"achievement.exploreAllBiomes":{"value":0,"progress":["Savanna"]},"stat.useItem.1":43,"stat.mineBlock.31":40,"stat.mobKills":33,"stat.killEntity.Cow":15,"stat.useItem.3":70,"stat.useItem.54":1,"stat.killEntity.Chicken":14,"stat.useItem.76":5,"stat.useItem.50":6,"stat.damageDealt":4200,"stat.useItem.101":29,"stat.useItem.151":2,"stat.useItem.95":56,"stat.drop":3,"stat.flyOneCm":93237,"stat.mineBlock.3":2455,"stat.useItem.137":2,"stat.useItem.98":217,"stat.useItem.331":25,"stat.useItem.277":2551,"stat.killEntity.Pig":4,"stat.mineBlock.175":1,"stat.mineBlock.13":53,"stat.useItem.49":77,"stat.walkOneCm":251637,"stat.useItem.276":39,"stat.useItem.42":9,"stat.mineBlock.161":1,"stat.useItem.116":1,"stat.useItem.161":5,"stat.useItem.162":4,"stat.playOneMinute":52481,"stat.useItem.22":6}